-- Seed data for local development
-- Run this after: supabase start
-- NOTE: Auth users are created in migration 20260415000001_seed_auth_users.sql

-- Insert test staff profiles (auth users created in migration)
INSERT INTO public.profiles (id, name, role, pin, email, is_active) VALUES
  ('11111111-1111-1111-1111-111111111111', 'Alex Martinez', 'bartender', '123456', '11111111-1111-1111-1111-111111111111@barpos.local', true),
  ('22222222-2222-2222-2222-222222222222', 'Jamie Chen', 'manager', '567890', '22222222-2222-2222-2222-222222222222@barpos.local', true),
  ('33333333-3333-3333-3333-333333333333', 'Taylor Brooks', 'admin', '901234', '33333333-3333-3333-3333-333333333333@barpos.local', true),
  ('44444444-4444-4444-4444-444444444444', 'Sam Rivera', 'bartender', '345678', '44444444-4444-4444-4444-444444444444@barpos.local', true)
ON CONFLICT (id) DO NOTHING;

-- Insert test categories
INSERT INTO public.categories (id, name, sort_order, happy_hour_start, happy_hour_end) VALUES
  ('10000001-0000-0000-0000-000000000001', 'Beer', 1, '15:00', '18:00'),
  ('10000002-0000-0000-0000-000000000002', 'Wine', 2, '15:00', '18:00'),
  ('10000003-0000-0000-0000-000000000003', 'Cocktails', 3, '15:00', '18:00'),
  ('10000004-0000-0000-0000-000000000004', 'Spirits', 4, NULL, NULL),
  ('10000005-0000-0000-0000-000000000005', 'Snacks', 5, NULL, NULL);

-- Insert test products
INSERT INTO public.products (id, name, category_id, base_price, happy_hour_price, is_active) VALUES
  ('20000001-0000-0000-0000-000000000001', 'Budweiser', '10000001-0000-0000-0000-000000000001', 6.50, 5.00, true),
  ('20000002-0000-0000-0000-000000000002', 'Corona', '10000001-0000-0000-0000-000000000001', 7.00, 5.50, true),
  ('20000003-0000-0000-0000-000000000003', 'IPA Draft', '10000001-0000-0000-0000-000000000001', 8.00, 6.50, true),
  ('20000004-0000-0000-0000-000000000004', 'House Red', '10000002-0000-0000-0000-000000000002', 9.00, 7.00, true),
  ('20000005-0000-0000-0000-000000000005', 'House White', '10000002-0000-0000-0000-000000000002', 9.00, 7.00, true),
  ('20000006-0000-0000-0000-000000000006', 'Margarita', '10000003-0000-0000-0000-000000000003', 12.00, 10.00, true),
  ('20000007-0000-0000-0000-000000000007', 'Mojito', '10000003-0000-0000-0000-000000000003', 12.00, 10.00, true),
  ('20000008-0000-0000-0000-000000000008', 'Old Fashioned', '10000003-0000-0000-0000-000000000003', 14.00, 12.00, true),
  ('20000009-0000-0000-0000-000000000009', 'Whiskey Shot', '10000004-0000-0000-0000-000000000004', 8.00, NULL, true),
  ('20000010-0000-0000-0000-000000000010', 'Vodka Shot', '10000004-0000-0000-0000-000000000004', 7.00, NULL, true),
  ('20000011-0000-0000-0000-000000000011', 'Nachos', '10000005-0000-0000-0000-000000000005', 10.00, NULL, true),
  ('20000012-0000-0000-0000-000000000012', 'Wings', '10000005-0000-0000-0000-000000000005', 12.00, NULL, true);

-- Insert test modifiers
INSERT INTO public.modifiers (id, name, price_delta) VALUES
  ('30000001-0000-0000-0000-000000000001', 'Extra Salt', 0.00),
  ('30000002-0000-0000-0000-000000000002', 'No Ice', 0.00),
  ('30000003-0000-0000-0000-000000000003', 'Extra Lime', 0.50),
  ('30000004-0000-0000-0000-000000000004', 'Double Shot', 3.00),
  ('30000005-0000-0000-0000-000000000005', 'Top Shelf', 5.00);

-- Link modifiers to products
INSERT INTO public.product_modifiers (product_id, modifier_id) VALUES
  ('20000006-0000-0000-0000-000000000006', '30000001-0000-0000-0000-000000000001'),
  ('20000006-0000-0000-0000-000000000006', '30000002-0000-0000-0000-000000000002'),
  ('20000006-0000-0000-0000-000000000006', '30000003-0000-0000-0000-000000000003'),
  ('20000007-0000-0000-0000-000000000007', '30000002-0000-0000-0000-000000000002'),
  ('20000007-0000-0000-0000-000000000007', '30000003-0000-0000-0000-000000000003'),
  ('20000008-0000-0000-0000-000000000008', '30000004-0000-0000-0000-000000000004'),
  ('20000008-0000-0000-0000-000000000008', '30000005-0000-0000-0000-000000000005'),
  ('20000009-0000-0000-0000-000000000009', '30000004-0000-0000-0000-000000000004'),
  ('20000009-0000-0000-0000-000000000009', '30000005-0000-0000-0000-000000000005'),
  ('20000010-0000-0000-0000-000000000010', '30000004-0000-0000-0000-000000000004'),
  ('20000010-0000-0000-0000-000000000010', '30000005-0000-0000-0000-000000000005');

-- Insert test pool tables
INSERT INTO public.pool_tables (number, label, rate_per_hour, status) VALUES
  (1, 'Table 1', 15.00, 'available'),
  (2, 'Table 2', 15.00, 'available'),
  (3, 'Table 3', 15.00, 'available'),
  (4, 'Table 4', 20.00, 'available'),
  (5, 'Table 5', 20.00, 'available');

-- Insert test inventory
INSERT INTO public.inventory (product_id, quantity_on_hand, low_stock_threshold) VALUES
  ('20000001-0000-0000-0000-000000000001', 100, 20),
  ('20000002-0000-0000-0000-000000000002', 80, 20),
  ('20000003-0000-0000-0000-000000000003', 50, 15),
  ('20000004-0000-0000-0000-000000000004', 30, 10),
  ('20000005-0000-0000-0000-000000000005', 30, 10),
  ('20000006-0000-0000-0000-000000000006', 999, 0),
  ('20000007-0000-0000-0000-000000000007', 999, 0),
  ('20000008-0000-0000-0000-000000000008', 999, 0),
  ('20000009-0000-0000-0000-000000000009', 40, 10),
  ('20000010-0000-0000-0000-000000000010', 40, 10),
  ('20000011-0000-0000-0000-000000000011', 25, 5),
  ('20000012-0000-0000-0000-000000000012', 30, 5);
